[
  {
    "type": "pay",
    "name": "GooglePay",
    "class": "com.hi.pay.GooglePay",
    "params": {
      "productInapp": "",
      "productSub": ""
    }
  },
  {
    "type": "analytics",
    "name": "adjust",
    "class": "com.hi.adjust.Adjust",
    "params": {
      "dev.key": "Gc6bE8V9CcgP8wsjGZUMAX",
      "dev.purchase.log.type": "auto",
      "dev.purchase.env": "sandbox"
    }
  },
  {
    "type": "login",
    "name": "Login",
    "class": "com.hi.login.HiGameLogin",
    "params": {
      "google_client_id": "1:434805631021:android:699a09f0b065ff3484b0a4"
    }
  },
  {
    "type": "ad",
    "name": "admob",
    "class": "com.hi.ad.admob.AdmobAd",
    "params": {
      "application.id": "ca-app-pub-2382347120869101~2642437601"
    },
    "children": [
      {
        "type": "banner",
        "name": "banner",
        "class": "com.hi.ad.admob.AdmobBannerAd",
        "params": {
          "banner_pos_id": "ca-app-pub-2382347120869101/1444890093"
        }
      },
      {
        "type": "inters",
        "name": "inters",
        "class": "com.hi.ad.admob.AdmobInterstitialAd",
        "params": {
          "inters_pos_id": "ca-app-pub-2382347120869101/4630096608"
        }
      },
      {
        "type": "reward",
        "name": "reward",
        "class": "com.hi.ad.admob.AdmobRewardAd",
        "params": {
          "reward_pos_id": "ca-app-pub-2382347120869101/2134606498"
        }
      }
    ]
  }
]